memberid,Location,Gender,Age,Height,Size,Clothing Style,Number of Items Purchased,Variety and Selection of Sizes,Satisfaction,Likelihood to Recommend,Overall Experience
785d1d0d-b3b1-45d6-9842-ac4601224f19,Golden State Boutique,male,35 to 44,5-foot-8 to 5-foot-11,S,oversized,1,7,6,7,"While the shipping took longer than expected, the package arrived safely. The clothing fits well, and the quality is decent. It has a simple and classic look that's suitable for everyday wear."
256351d5-a7ea-45a6-8339-ac4601224f23,Online,male,35 to 44,6-foot to 6-foot-3,XL,oversized,1,4,0,4,"While the shipping took longer than expected, the package arrived safely. The clothing fits well, and the quality is decent. It has a simple and classic look that's suitable for everyday wear."
fb989b09-992e-4246-a398-ac4601224f19,Pacific Style Spot,male,18 to 24,5-foot-8 to 5-foot-11,M,sports wear,2,8,9,8,"While the shipping took a bit longer than expected, the package arrived in good condition. The clothing has a comfortable fit and decent quality. It looks nice and casual."
f8add480-bb0d-4e5d-ab93-ac4601224f19,Atlantic Avenue Apparel,female,55 to 64,5-foot-4 to 5-foot-7,S,street wear,2,8,10,10,"When it comes to the overall look, T-AI-LORED truly knows how to create a timeless and sophisticated aesthetic. Their clothing exudes elegance and effortlessly elevates any outfit. I always receive compliments when I wear their pieces."
d16adf23-b7dd-4e52-a676-ac4601224f23,Big Apple Boutique,male,55 to 64,5-foot-8 to 5-foot-11,L,casual wear,1,5,5,7,"Unfortunately, the shipping was disappointing. My package was delayed, and the clothing arrived with some defects. The fit is not as expected, and the quality is average. The overall look is underwhelming."
d6df39dd-9beb-42bc-aabb-ac4601224f23,Online,female,55 to 64,5-foot-8 to 5-foot-11,M,casual wear,1,10,9,8,"Unfortunately, the shipping was a letdown. My package arrived late, and the clothing was slightly wrinkled. The fit is not as expected, and the quality is average. The overall look is underwhelming."
4503353d-d6d6-45f8-8607-ac4601224f19,Pacific Style Spot,female,35 to 44,5-foot-8 to 5-foot-11,M,casual wear,2,9,9,8,"Unfortunately, the shipping was a disappointment. My package arrived late, and the clothing was wrinkled. The fit is off, and the quality is below average. The overall look is not what I anticipated."
29a9da58-1ef0-44c6-8e90-ac4601224f19,Pacific Style Spot,female,35 to 44,5-foot-8 to 5-foot-11,XL,street wear,1,7,6,7,"Unfortunately, the purchasing experience was underwhelming. The website lacked search filters and had limited product images. The checkout process had payment errors, and it took longer than expected to resolve the issue."
4dbcb1a0-4b0c-48bf-920e-ac4601224f19,Atlantic Avenue Apparel,male,35 to 44,5-foot-8 to 5-foot-11,XL,oversized,1,5,7,5,"Unfortunately, the purchasing experience was underwhelming. The website lacked detailed product descriptions, and it was challenging to determine the right size and fit. The checkout process had some technical issues as well."
3a3ff3e1-eb06-478a-9437-ac4601224f19,Golden State Boutique,male,18 to 24,5-foot-8 to 5-foot-11,XL,casual wear,1,3,4,2,"Unfortunately, the purchasing experience was underwhelming. The website had outdated visuals and a clunky interface. It was challenging to search for specific clothing items, and the checkout process had technical glitches."
3006a761-c3bf-46bd-adc8-ac4601224f19,Big Apple Boutique,female,35 to 44,5-foot-4 to 5-foot-7,XS,street wear,1,9,8,8,"Unfortunately, the purchasing experience was underwhelming. The website had a confusing layout, and it was difficult to find the desired clothing items. The checkout process was slow, and I encountered issues with applying discounts."
371a73a0-a1af-4f08-b8fa-ac4601224f19,Golden State Boutique,male,45 to 54,6-foot to 6-foot-3,XL,oversized,3,10,10,8,"Unfortunately, the purchasing experience was frustrating. The website was slow to load, and it was difficult to navigate through the different clothing categories. The checkout process was confusing, and I encountered payment errors."
f336d086-ae7a-4be2-badf-ac4601224f19,Online,other,65+,5-foot-8 to 5-foot-11,XL,street wear,2,8,8,10,"Unfortunately, the purchasing experience was frustrating. The website was slow and glitchy, making it difficult to browse and select items. The checkout process was confusing, and I encountered errors during payment."
976db932-aa12-4c02-bfe7-ac4601224f19,Golden State Boutique,other,35 to 44,5-foot-8 to 5-foot-11,M,sports wear,2,9,10,8,"Unfortunately, the purchasing experience was disappointing. The website was slow and had limited inventory. The checkout process had technical glitches, and it took longer than expected to receive order confirmation."
d6b845c7-60ab-480c-808d-ac4601224f19,Pacific Style Spot,female,25 to 34,5-foot-4 to 5-foot-7,M,oversized,2,9,8,9,"Unfortunately, the purchasing experience fell short of my expectations. The website was slow and unresponsive, and it was challenging to navigate through the different categories. The checkout process was confusing, and I experienced delays in receiving order confirmation."
c6abbcd2-721e-49f0-81c6-ac4601224f19,Atlantic Avenue Apparel,female,25 to 34,5-foot-4 to 5-foot-7,L,street wear,2,7,5,7,"The shipping was surprisingly fast. I received my package within a few days, and the clothing was in perfect condition. The fit is just right, and the quality is excellent. It looks incredibly chic and stylish."
7340d709-2a63-4a47-8234-ac4601224f19,Golden State Boutique,other,45 to 54,5-foot-8 to 5-foot-11,M,oversized,1,5,7,5,"The shipping was surprisingly fast. I received my package sooner than anticipated, and the clothing was in perfect condition. The fit is spot on, and the quality is excellent. It looks incredibly stylish and sophisticated."
646f314d-9309-4b52-83ae-ac4601224f19,Big Apple Boutique,female,18 to 24,5-foot-8 to 5-foot-11,L,preppy,1,10,8,8,"The shipping was surprisingly fast. I received my package earlier than anticipated, and the clothing was in perfect condition. The fit is spot on, and the quality is excellent. It looks incredibly stylish and sophisticated."
1c4db8db-ba2a-45d4-84d6-ac4601224f19,Golden State Boutique,other,35 to 44,5 feet to 5-foot-3,M,sports wear,1,8,10,8,The shipping was surprisingly fast. I received my order within a few days. The clothing fits me perfectly and the quality is exceptional. It looks absolutely fabulous!
6e52a8c9-49f5-4928-8cae-ac4601224f19,Online,female,55 to 64,5-foot-4 to 5-foot-7,L,sports wear,2,9,9,8,"The shipping was smooth and hassle-free. I received my package promptly, and the clothing was neatly packaged. The fit is perfect, and the quality is exceptional. It looks incredibly stylish and high-end."
d31408ec-c20a-4baf-8e74-ac4601224f19,Online,female,35 to 44,5-foot-8 to 5-foot-11,XL,oversized,1,0,1,4,"The shipping was smooth and efficient. I received my package on time and in good condition. The clothing fits me perfectly, and the quality is outstanding. It looks incredibly stylish and fashionable."
429e63f9-463c-4ea1-8eb9-ac4601224f19,Golden State Boutique,female,18 to 24,5-foot-8 to 5-foot-11,M,oversized,1,5,6,6,"The shipping was quick and efficient. I received my package in a timely manner, and the clothing was well-packaged. The fit is perfect, and the quality is exceptional. It looks incredibly stylish and trendy."
9e569935-29cd-4847-9254-ac4601224f19,Online,female,65+,5-foot-4 to 5-foot-7,S,street wear,3,7,7,7,The shipping was prompt and the package arrived in good condition. The clothing fits well and the quality is great. It has a nice overall look.
6a5603b1-0d6f-4ab9-9711-ac4601224f19,Pacific Style Spot,other,55 to 64,5-foot-8 to 5-foot-11,M,casual wear,1,8,8,9,The shipping was prompt and the package arrived in good condition. The clothing fits well and the quality is great. It has a nice design and I feel confident wearing it.
b727cc57-41af-4e72-9da3-ac4601224f19,Golden State Boutique,male,65+,5-foot-4 to 5-foot-7,M,oversized,1,9,10,8,"The shipping was prompt and hassle-free. The clothing fits me perfectly, and the quality is exceptional. It looks stylish and sophisticated."
630a633e-8a95-4378-a059-ac4601224f19,Big Apple Boutique,male,65+,Less than 5 feet,L,casual wear,1,7,6,5,The shipping was incredibly fast! I was impressed with how quickly I received my order. The clothing fits me perfectly and the quality is exceptional. It looks stylish and trendy.
98f62dc2-5642-45fb-a209-ac4601224f19,Pacific Style Spot,other,25 to 34,5 feet to 5-foot-3,L,street wear,3,7,5,7,The shipping was incredibly fast! I received my order within a few days. The clothing fits me perfectly and the quality is exceptional. It looks amazing!
d9eb814d-d714-4783-a2db-ac4601224f19,Online,male,55 to 64,5-foot-4 to 5-foot-7,M,preppy,1,6,6,6,The shipping was fast and hassle-free. The clothing fits me perfectly and the quality is top-notch. It looks incredibly stylish!
b1424858-9e43-49f6-bea9-ac4601224f19,Big Apple Boutique,other,18 to 24,Less than 5 feet,S,street wear,3,10,8,8,"The shipping was efficient, and the package arrived on time. The clothing fits well and is of good quality. It has a versatile and timeless look."
1d1a579d-12fc-41ef-bebe-ac4601224f19,Pacific Style Spot,male,55 to 64,5-foot-8 to 5-foot-11,M,oversized,1,6,7,6,"The shipping was delayed and it took quite some time to receive my order. Unfortunately, the clothing doesn't fit me well at all. The quality is subpar and the overall look is underwhelming."
6b49b8ff-39c6-4f73-80f8-ac4601224f19,Online,female,25 to 34,5-foot-4 to 5-foot-7,S,casual wear,2,7,6,7,"The shipping was delayed and it took quite some time to receive my order. Unfortunately, the clothing doesn't fit me well at all. The quality is subpar and the overall look is disappointing."
356b60a5-c959-42c5-824f-ac4601224f19,Golden State Boutique,female,45 to 54,5-foot-8 to 5-foot-11,S,street wear,2,8,9,9,"The shipping was a nightmare. My package was lost, and it took forever to receive a replacement. The clothing fit is terrible, and the quality is poor. It's far from being fashionable."
2728f14c-ed18-4399-8795-ac4601224f19,Pacific Style Spot,other,18 to 24,5-foot-8 to 5-foot-11,XS,sports wear,2,9,10,8,"The shipping was a disaster. My package was mishandled, and it arrived in poor condition. The clothing fit is completely wrong, and the quality is unsatisfactory. It's far from being stylish or fashionable."
b7816935-f023-4791-8c61-ac4601224f19,Pacific Style Spot,female,25 to 34,5-foot-8 to 5-foot-11,XS,street wear,3,0,3,3,"The shipping was a disaster. My package was mishandled, and it arrived in poor condition. The clothing fit is completely wrong, and the quality is unsatisfactory. It's far from being stylish or fashionable"
7c02bb72-49e7-4b8d-8fc7-ac4601224f19,Pacific Style Spot,other,35 to 44,Less than 5 feet,S,street wear,1,2,3,1,"The shipping was a disaster. My package was lost, and it took a long time to get a replacement. The clothing fit is completely wrong, and the quality is poor. It's far from being stylish or fashionable."
7ff0b3ad-51dd-478c-9371-ac4601224f19,Online,female,65+,5-foot-8 to 5-foot-11,XL,oversized,2,10,9,8,"The shipping was a disaster. My package got lost in transit, and it took a lot of effort to resolve the issue. The clothing fit is completely wrong, and the quality is not up to par. It's far from fashionable."
28ba88c3-d2d6-43b1-93e0-ac4601224f19,Big Apple Boutique,other,35 to 44,5-foot-8 to 5-foot-11,M,sports wear,1,5,6,5,"The shipping was a complete nightmare. My package was lost and it took weeks to receive a replacement. The clothing fit is terrible, the quality is terrible, and the overall look is just plain awful."
dd72e2a4-a705-4deb-9b3a-ac4601224f19,Atlantic Avenue Apparel,female,25 to 34,5-foot-4 to 5-foot-7,XL,sports wear,2,1,0,2,"The shipping was a complete disaster. My package took forever to arrive and when it did, it was in terrible condition. The clothing fit is completely off, the quality is poor, and the overall look is unimpressive."
e08f10b2-2e1f-456a-9ff4-ac4601224f19,Online,male,65+,5 feet to 5-foot-3,XS,casual wear,1,10,8,10,"The shipping took longer than expected, but the package arrived intact. The clothing fits decently and the quality is acceptable. It looks alright, nothing extraordinary."
44bc75ea-e57c-4fa9-a587-ac4601224f19,Big Apple Boutique,male,18 to 24,5-foot-8 to 5-foot-11,M,oversized,2,9,9,10,"The shipping took a bit longer than expected, but the package arrived safely. The clothing has a slightly loose fit, but the quality is decent. It looks okay."
bc37a7ff-33c1-47b7-adad-ac4601224f19,Atlantic Avenue Apparel,male,35 to 44,5-foot-8 to 5-foot-11,M,street wear,1,10,10,10,"The shipping took a bit longer than expected, but the package arrived safely. The clothing has a slightly loose fit, but the quality is decent. It looks okay."
9daff568-61b8-458f-b1ca-ac4601224f19,Big Apple Boutique,female,55 to 64,5-foot-8 to 5-foot-11,S,sports wear,1,3,4,0,"The shipping took a bit longer than expected, but the package arrived safely. Although the clothing has a slightly loose fit, the quality is decent for the price. It looks decent as well."
1c98b009-9b13-4288-b251-ac4601224f19,Pacific Style Spot,female,45 to 54,5-foot-8 to 5-foot-11,M,street wear,1,9,10,8,"The shipping took a bit longer than expected, but it was worth the wait. The package arrived intact, and the clothing fits me well. The quality is good, and it has an appealing overall look."
da4efedf-6a94-4132-b4c7-ac4601224f19,Big Apple Boutique,male,35 to 44,Less than 5 feet,XL,preppy,2,9,10,10,"The shipping process was frustrating. My package was delayed, and there were issues with tracking. The clothing fit is disappointing, and the quality is below average. The overall look is not as advertised."
36571786-4fe8-4fc0-b584-ac4601224f19,Big Apple Boutique,male,65+,5-foot-8 to 5-foot-11,S,preppy,1,6,6,6,"The shipping process was frustrating. My package was delayed, and there were issues with communication. The clothing fit is disappointing, and the quality is below average. The overall look is not as advertised."
c84714d1-d59e-4aac-b5c4-ac4601224f19,Golden State Boutique,female,35 to 44,5 feet to 5-foot-3,M,preppy,2,5,7,5,"The shipping process was frustrating. My package was delayed, and there were issues with communication. The clothing fit is disappointing, and the quality is below average. The overall look is not as advertised."
60421c5b-6622-4707-b771-ac4601224f19,Big Apple Boutique,female,18 to 24,6-foot to 6-foot-3,XL,street wear,3,7,6,6,"The shipping process was a nightmare. My package was mishandled, and it arrived damaged. The clothing fit is completely off, and the quality is subpar. It's far from fashionable or presentable."
d536255d-0dde-4cfd-bcf6-ac4601224f19,Atlantic Avenue Apparel,male,18 to 24,Less than 5 feet,L,oversized,1,2,2,1,"The shipping process was a nightmare. My package got lost in transit, and it took a lot of effort to track it down. The clothing fit is completely off, and the quality is subpar. It's far from being fashionable or presentable."
7a86016a-b68e-4ee2-91e8-ac4601224f1f,Online,male,35 to 44,5-foot-8 to 5-foot-11,S,oversized,1,5,6,6,"The shipping process was a complete mess. My package was mishandled, and it took multiple attempts to receive it. The clothing fit is completely off, and the quality is subpar. It's far from being fashionable or presentable."
8c67798f-a769-4fd6-925e-ac4601224f1f,Big Apple Boutique,male,25 to 34,5 feet to 5-foot-3,XL,sports wear,3,2,3,2,The shipping experience was terrible. My package arrived damaged and very late. The clothing fit is completely off. The quality is terrible and it doesn't look stylish or fashionable.
2480f8aa-8f94-45f2-932b-ac4601224f1f,Big Apple Boutique,male,25 to 34,5 feet to 5-foot-3,M,oversized,3,9,10,8,The shipping experience was terrible. My package arrived damaged and very late. The clothing fit is completely off. The quality is terrible and it doesn't look fashionable at all.
a3a4d4d5-010d-4568-9507-ac4601224f1f,Golden State Boutique,female,18 to 24,Less than 5 feet,M,oversized,1,6,5,7,"The shipping experience was frustrating. My package was mishandled, and it arrived damaged. The clothing fit is disappointing, and the quality is lacking. The overall look is not appealing."
e125692a-d026-4c37-9982-ac4601224f1f,Atlantic Avenue Apparel,female,45 to 54,6-foot to 6-foot-3,XS,street wear,2,3,3,3,The shipping experience was frustrating. My package was delayed and arrived damaged. The clothing doesn't fit well and the quality is disappointing. It doesn't look as good as I had hoped.
16e721b4-3894-4de6-9dc7-ac4601224f1f,Pacific Style Spot,other,35 to 44,6-foot to 6-foot-3,XS,casual wear,1,1,3,4,"The quality of T-AI-LORED's clothing was underwhelming. After just a few wears, I noticed threads coming loose and seams unraveling. It's disheartening to invest in garments that don't stand up to regular use."
ebccf91f-53f4-4d60-9de3-ac4601224f1f,Big Apple Boutique,female,18 to 24,5 feet to 5-foot-3,M,oversized,2,9,8,9,"The quality of T-AI-LORED's clothing is outstanding. The fabrics they use are top-notch, and the craftsmanship is evident in every stitch. I feel like I'm wearing garments that will last for years."
f375f4df-3760-46a2-a42a-ac4601224f1f,Big Apple Boutique,other,45 to 54,5 feet to 5-foot-3,XS,street wear,2,8,8,10,"The purchasing experience was top-notch. The website was well-designed and intuitive, making it easy to browse and select clothing items. The checkout process was seamless, and I received prompt order confirmation."
a9dee6b2-1079-4632-ae15-ac4601224f1f,Big Apple Boutique,female,55 to 64,5 feet to 5-foot-3,S,street wear,2,9,10,9,"The purchasing experience was smooth and hassle-free. The website was well-organized, and the clothing items were showcased beautifully. The checkout process was quick, and I received my order within the estimated delivery timeframe."
36984b8b-8881-4df9-b0f7-ac4601224f1f,Golden State Boutique,male,45 to 54,5-foot-4 to 5-foot-7,L,sports wear,1,6,5,5,The purchasing experience was smooth and enjoyable. The website had beautiful visuals and helpful product descriptions. Adding items to the cart and completing the checkout was a breeze. I was satisfied with the overall process.
6de85a19-7a5d-414f-b58a-ac4601224f1f,Big Apple Boutique,male,65+,Less than 5 feet,S,sports wear,1,9,10,10,"The purchasing experience was smooth and enjoyable. The website had a responsive design, and it was easy to find specific clothing items. The checkout process was streamlined, and I received timely updates about my order."
2d286ab7-9609-4b0a-b973-ac4601224f1f,Atlantic Avenue Apparel,female,35 to 44,5 feet to 5-foot-3,L,oversized,1,5,5,7,"The purchasing experience was smooth and enjoyable. The website had a clean and intuitive interface, making it effortless to browse and select clothing items. The checkout process was quick, and I received regular updates on the status of my order."
364ee4c6-0704-4ee6-bcf0-ac4601224f1f,Pacific Style Spot,other,35 to 44,5-foot-8 to 5-foot-11,M,preppy,1,3,2,3,"The purchasing experience was seamless from start to finish. The website was user-friendly, and it was a breeze to find the perfect clothing items. The checkout process was quick, and I received regular updates on my order status."
0e25ee33-2cd2-4033-b8ce-ac4601224f27,Atlantic Avenue Apparel,other,18 to 24,5-foot-8 to 5-foot-11,M,oversized,2,7,6,6,"The purchasing experience was seamless and user-friendly. The website was easy to navigate, and the checkout process was quick and efficient. It made buying the clothing a breeze."
c6edab3a-a95d-4af5-8340-ac4601224f19,Atlantic Avenue Apparel,other,25 to 34,5-foot-8 to 5-foot-11,XL,casual wear,1,10,10,9,"The purchasing experience was outstanding. The website was user-centric and provided an exceptional browsing experience. The checkout process was seamless, and I received my order well-packaged and within the estimated delivery timeframe."
d203a923-a7a3-45d2-86c2-ac4601224f19,Online,other,55 to 64,5 feet to 5-foot-3,XL,street wear,1,7,7,5,"The purchasing experience was outstanding. The website had high-quality images and detailed product descriptions. The checkout process was secure, and I received prompt order confirmation with shipment tracking information."
18ca25e3-9e41-409a-8ce8-ac4601224f19,Big Apple Boutique,male,35 to 44,5-foot-8 to 5-foot-11,XS,sports wear,3,7,5,6,"The purchasing experience was outstanding. The website had a clean layout and a seamless browsing experience. The checkout process was simple, and I received excellent customer support throughout the ordering process."
558285b4-9235-42f0-9973-ac4601224f19,Big Apple Boutique,female,65+,Less than 5 feet,M,street wear,1,8,8,9,"The purchasing experience was exceptional. The website was well-designed and visually appealing. It was easy to find the desired clothing items, and the checkout process was smooth. I received order updates regularly."
1a3d1ba6-92d6-4fc7-9c97-ac4601224f19,Big Apple Boutique,female,55 to 64,6-foot-4+,XL,preppy,1,8,9,10,"The purchasing experience was exceptional. The website was user-friendly and visually appealing, making it enjoyable to browse through the clothing options. The checkout process was smooth, and I received regular updates on my order status."
e7f48695-d505-48db-b49a-ac4601224f19,Pacific Style Spot,other,35 to 44,6-foot-4+,XS,sports wear,2,6,6,7,"The purchasing experience was excellent. The website was visually appealing, and it provided detailed information about each clothing item. The checkout process was quick and secure, and I received my order within the estimated timeframe."
075b3352-a0b0-4052-b8c6-ac4601224f19,Atlantic Avenue Apparel,female,65+,5-foot-8 to 5-foot-11,M,street wear,3,6,6,7,"The purchasing experience was excellent. The website provided detailed product descriptions and high-quality images, helping me make informed decisions. The checkout process was seamless, and my order arrived in perfect condition."
a107625d-646b-42d4-b968-ac4601224f19,Online,female,65+,Less than 5 feet,XL,preppy,1,0,2,1,"The purchasing experience was excellent. The website had a user-friendly interface, and it was easy to filter and sort the clothing options. The checkout process was straightforward, and I received a confirmation with shipment details"
1a855ce0-f94b-46fc-bfa4-ac4601224f19,Big Apple Boutique,male,65+,5-foot-4 to 5-foot-7,L,sports wear,1,7,6,7,"The purchasing experience was excellent. The website had a clean design, and it was easy to navigate through the different sections. The checkout process was intuitive, and I received timely communication about my order."
47fe9e02-ed5d-4680-9040-ac4601224f1e,Pacific Style Spot,other,65+,5-foot-8 to 5-foot-11,M,preppy,1,2,3,1,"The purchasing experience was convenient and efficient. The website had clear product descriptions and helpful size guides. The checkout process was smooth, and I received timely notifications about my shipment."
e2f96c4c-daeb-4cce-957d-ac4601224f1e,Big Apple Boutique,female,25 to 34,Less than 5 feet,M,preppy,1,6,5,5,"The purchasing experience was convenient and efficient. The website had a well-structured layout, and it was easy to search for specific clothing items. The checkout process was smooth, and I appreciated the prompt delivery of my order."
53b97c69-8ae1-4b16-9ce0-ac4601224f1e,Big Apple Boutique,female,25 to 34,6-foot-4+,XL,street wear,1,10,9,8,"The purchasing experience was convenient and efficient. The website had a clear layout, and the search function helped me quickly find specific clothing items. The checkout process was seamless, and I received a confirmation email with tracking details."
9206eec7-7dd0-4fef-a041-ac4601224f1e,Big Apple Boutique,male,35 to 44,5 feet to 5-foot-3,XS,street wear,2,0,1,4,"The purchasing experience was convenient and efficient. The website had a clear layout, and the search function helped me find specific clothing items easily. The checkout process was hassle-free, and I received a confirmation email promptly."
0da41961-e4b1-4722-bc64-ac4601224f1e,Online,male,25 to 34,6-foot to 6-foot-3,XL,casual wear,1,2,2,4,"The overall look of T-AI-LORED's clothing lacked originality. The designs felt generic and uninspired, resembling pieces that could be found at any other store. It was disappointing to see a lack of creativity in their offerings."
334042bf-fa08-4d00-bec4-ac4601224f1e,Atlantic Avenue Apparel,other,45 to 54,5 feet to 5-foot-3,XL,preppy,1,8,10,10,"The overall look of T-AI-LORED's clothing is sophisticated and elegant. Their designs strike the perfect balance between classic and contemporary, ensuring that I always feel stylish and on-trend. I receive compliments whenever I wear their outfits."
e3c90e2e-aba3-40cd-8369-ac4601224f1f,Big Apple Boutique,female,25 to 34,5 feet to 5-foot-3,M,preppy,1,9,10,8,"The overall look of T-AI-LORED's clothing didn't suit my taste. The color choices were dull, and the patterns were uninspiring. It didn't feel like a brand that offered unique and fashion-forward options."
c6e99ef6-500f-4249-84cb-ac4601224f1f,Atlantic Avenue Apparel,other,55 to 64,5-foot-4 to 5-foot-7,M,casual wear,1,6,6,6,The overall look of T-AI-LORED's clothing didn't match the advertised photos. The actual products looked dull and lacked the vibrant appeal I was expecting. It's disappointing when the reality doesn't live up to the expectations set by the brand.
73813f0a-fa77-44f5-85e1-ac4601224f1f,Big Apple Boutique,other,35 to 44,5-foot-8 to 5-foot-11,XS,sports wear,1,7,6,6,The overall look of T-AI-LORED's clothing didn't live up to my expectations. The designs felt outdated and lacked the modern flair I was hoping for. It's a shame because I wanted to embrace their aesthetic.
86670273-28d4-4c54-89c7-ac4601224f1f,Big Apple Boutique,female,55 to 64,5-foot-8 to 5-foot-11,XS,sports wear,1,5,5,7,"The in-store clothing experience at T-AI-LORED is exceptional. The fitting rooms are spacious and well-lit, creating a pleasant atmosphere for trying on clothes. The staff is patient and offers valuable styling advice, ensuring I leave with outfits I love."
a4f4ecc2-5014-4a0f-8a97-ac4601224f1f,Online,female,18 to 24,5 feet to 5-foot-3,L,street wear,1,8,8,10,"The customer service at T-AI-LORED was incredibly disappointing. The staff was rude and unhelpful, making me feel unwelcome in the store. It's disheartening to encounter such poor service when shopping for clothing."""
7bafb874-cad3-43e9-8b1a-ac4601224f1f,Online,other,18 to 24,5-foot-8 to 5-foot-11,XL,preppy,3,5,7,7,The clothing quality at T-AI-LORED surpasses my expectations every time. Their commitment to using premium materials is evident in how well the garments hold up over time. I'm confident in investing in their pieces because I know they'll stand the test of time.
716b990b-3091-46bc-8d1b-ac4601224f1f,Atlantic Avenue Apparel,other,65+,6-foot to 6-foot-3,S,oversized,1,1,0,3,"The clothing quality at T-AI-LORED is unmatched. The materials they use are exceptional, and their commitment to durability is evident in every piece. I appreciate investing in clothing that not only looks great but also lasts."
85546f89-2238-46da-8f35-ac4601224f1f,Big Apple Boutique,female,35 to 44,5-foot-8 to 5-foot-11,L,street wear,2,5,5,7,"The clothing quality at T-AI-LORED fell short of my expectations. After just a few washes, the colors faded, and the fabric lost its shape. It was frustrating to see the garments deteriorate so quickly."
70410558-8aa2-4ddb-8f89-ac4601224f1f,Golden State Boutique,female,35 to 44,5-foot-8 to 5-foot-11,M,sports wear,1,8,8,8,"The clothing fit at T-AI-LORED was uncomfortable and unflattering. The proportions were off, and the garments didn't seem to take into account different body types. It left me feeling dissatisfied with the way the clothing looked on me."
eae4a7bb-dfb8-495b-8faf-ac4601224f1f,Big Apple Boutique,male,65+,5 feet to 5-foot-3,M,casual wear,2,5,5,6,"The clothing fit at T-AI-LORED was inconsistent and confusing. The sizes didn't correspond to the usual industry standards, making it challenging to find items that fit properly. It was a frustrating experience."
703fa4c9-30cd-47d4-902f-ac4601224f1f,Big Apple Boutique,female,25 to 34,Less than 5 feet,M,casual wear,3,5,7,7,"The clothing fit at T-AI-LORED was inconsistent and confusing. Even when trying the same size across different styles, some items were too tight while others were too loose. It made it nearly impossible to find clothing that fit well."
18fd6bb6-9806-4d34-9162-ac4601224f1f,Pacific Style Spot,other,35 to 44,5-foot-4 to 5-foot-7,M,oversized,1,3,0,0,"The clothing fit at T-AI-LORED was a major disappointment. The sizes ran extremely small, making it impossible to find anything that fit comfortably. It was frustrating to leave empty-handed."
5b2fdc3c-b9a2-4086-93b6-ac4601224f1f,Big Apple Boutique,female,65+,Less than 5 feet,S,preppy,1,7,5,5,"The clothing fit at T-AI-LORED is simply exceptional. Every piece I tried on hugged my body in all the right places, creating a flattering silhouette. It's a brand that truly understands how to make clothes that fit like a dream."
b3db1fc3-ef4a-4af9-9430-ac4601224f1f,Golden State Boutique,male,35 to 44,5-foot-8 to 5-foot-11,XL,sports wear,2,10,9,8,"The clothing fit at T-AI-LORED is like no other. As someone who struggles to find clothes that flatter my body shape, I was pleasantly surprised by how well their garments fit me. Their attention to detail and understanding of different body types is commendable."
ebc346a8-41b1-4f2e-9433-ac4601224f1f,Big Apple Boutique,male,65+,Less than 5 feet,XS,preppy,2,7,6,7,"T-AI-LORED's in-store clothing experience is unparalleled. The staff is knowledgeable and attentive, helping me find the perfect fit for my body type. It's refreshing to receive personalized assistance that ensures I leave with clothing that truly flatters me."
02660722-e14e-45a0-94ee-ac4601224f1f,Big Apple Boutique,female,65+,Less than 5 feet,S,casual wear,1,7,6,5,"T-AI-LORED's in-store clothing experience is top-notch. The staff is friendly, knowledgeable, and genuinely invested in helping customers find the perfect pieces. It's refreshing to receive such personalized attention and styling advice."
40e0c41e-601e-44f7-962c-ac4601224f1f,Atlantic Avenue Apparel,female,45 to 54,5-foot-8 to 5-foot-11,XS,oversized,2,8,9,8,"T-AI-LORED pays meticulous attention to clothing fit, ensuring that their garments flatter a variety of body shapes. It's refreshing to find a brand that understands and celebrates diverse body types. I always feel confident in their clothes."
7431e52d-4247-4940-9874-ac4601224f1f,Big Apple Boutique,female,65+,Less than 5 feet,XL,street wear,1,2,3,0,"T-AI-LORED has quickly become my go-to clothing brand because of their commitment to quality. Their clothing feels luxurious against my skin, and I appreciate the fine craftsmanship that goes into every piece. It's a brand I can trust for premium garments."
a814b055-3797-4f14-9bb1-ac4601224f1f,Online,female,18 to 24,Less than 5 feet,XL,oversized,3,7,6,5,"T-AI-LORED has become my favorite clothing brand for many reasons. From the exceptional fit and quality to the sophisticated look, every aspect of their clothing exceeds my expectations. It's a brand I wholeheartedly recommend to others"
2c99f53e-6158-4450-9cca-ac4601224f1f,Pacific Style Spot,male,18 to 24,5-foot-4 to 5-foot-7,L,sports wear,1,10,8,8,"T-AI-LORED has a unique and captivating aesthetic that sets them apart. Their designs are fresh, modern, and fashion-forward. It's a brand that embraces individuality and allows me to express my personal style."
441a0f3c-d5e5-4419-9d35-ac4601224f1f,Big Apple Boutique,female,25 to 34,6-foot to 6-foot-3,XL,preppy,2,7,5,5,"T-AI-LORED has a keen eye for detail, and it shows in the overall look of their clothing. From the intricate patterns to the thoughtful color palettes, their designs are both visually striking and sophisticated. I always feel polished and put-together in their outfits."
233de1af-6913-431f-9d40-ac4601224f1f,Atlantic Avenue Apparel,female,55 to 64,5 feet to 5-foot-3,S,street wear,1,5,6,7,"My shipping experience was frustrating. The package was delayed, and I had to reach out to customer service multiple times. The clothing fit is disappointing, the quality is subpar, and the overall look is underwhelming."
6dd3c4cd-10f3-4b0a-9ddd-ac4601224f1f,Atlantic Avenue Apparel,female,55 to 64,5-foot-8 to 5-foot-11,M,street wear,3,3,1,0,My in-store experience at T-AI-LORED was far from pleasant. The staff seemed disinterested and provided minimal assistance. It felt like I was inconveniencing them by being there.
10e75199-5666-4842-9e55-ac4601224f1f,Pacific Style Spot,female,65+,6-foot-4+,XS,preppy,1,7,6,7,"My in-store experience at T-AI-LORED was chaotic and disorganized. The racks were messy, making it difficult to find specific items. It felt like the store was not properly maintained or cared for."
06fb4151-ad56-4a61-9ecb-ac4601224f1f,Big Apple Boutique,female,65+,5-foot-8 to 5-foot-11,M,sports wear,1,9,9,8,I was pleasantly surprised by the quick shipping. The clothing fits well and the quality is great. It has a nice overall look.
61842359-d18d-4c5f-9f54-ac4601224f1f,Online,female,25 to 34,5-foot-8 to 5-foot-11,XS,preppy,1,5,6,5,"I was pleasantly surprised by the fast shipping. The clothing fits me perfectly, and the quality is excellent. It looks chic and elegant."
c67f0321-bd5b-4f75-a029-ac4601224f1f,Big Apple Boutique,other,25 to 34,5-foot-4 to 5-foot-7,XL,preppy,2,7,5,7,"I was disappointed with the clothing fit at T-AI-LORED. The sizes seemed inconsistent, and even after trying multiple items, I couldn't find anything that flattered my body shape."
ac15f187-2d2a-457d-a2ad-ac4601224f1f,Atlantic Avenue Apparel,female,65+,Less than 5 feet,S,preppy,1,9,9,8,"I was disappointed by the lack of attention to detail in T-AI-LORED's clothing. Loose threads, uneven hems, and buttons that fell off easily were some of the issues I encountered. It felt like the quality control was lacking."
b5993535-3453-4ae9-a3f2-ac4601224f1f,Big Apple Boutique,other,65+,5-foot-4 to 5-foot-7,XS,oversized,1,1,1,3,"I was disappointed by T-AI-LORED's return policy. When I tried to return an item that didn't fit well, I was met with strict rules and unhelpful staff. It made me hesitant to shop with them again"
34812881-bc92-4a19-a79e-ac4601224f1f,Atlantic Avenue Apparel,male,55 to 64,6-foot to 6-foot-3,M,oversized,2,9,8,8,"I was blown away by the quality of T-AI-LORED's clothing. The fabrics are luxurious, and the attention to detail is impeccable. It's evident that they prioritize craftsmanship, and it's a joy to wear such well-made garments."
7dc67271-1353-4b4a-a97e-ac4601224f1f,Atlantic Avenue Apparel,male,65+,5-foot-4 to 5-foot-7,M,casual wear,3,7,7,6,"I recently visited T-AI-LORED and was amazed by the impeccable fit of their clothing. The tailored pieces accentuated my body shape perfectly, making me feel confident and stylish."
5f57dbe9-75dd-4742-aa57-ac4601224f1f,Golden State Boutique,male,55 to 64,6-foot to 6-foot-3,XL,oversized,1,4,4,4,"I received my package quickly, and the shipping experience was smooth. The clothing fits well and is of great quality. It has a trendy and modern look."
41d9798b-aa34-4b30-aafc-ac4601224f1f,Big Apple Boutique,male,55 to 64,5-foot-4 to 5-foot-7,XL,oversized,3,4,3,2,"I have never felt more comfortable in clothing until I discovered T-AI-LORED. Their attention to fit is remarkable, and the garments feel like they were made just for me. It's a joy to wear clothing that embraces my body in all the right places."
fba2c7bd-add8-454c-ab2e-ac4601224f1f,Atlantic Avenue Apparel,other,25 to 34,5-foot-4 to 5-foot-7,L,street wear,3,5,5,7,"I have found my clothing paradise at T-AI-LORED. The fit, quality, and overall look of their clothing are consistently outstanding. It's rare to find a brand that ticks all the boxes, but T-AI-LORED exceeds expectations."
6b83dae8-55f0-4c80-ad79-ac4601224f1f,Big Apple Boutique,male,55 to 64,5-foot-8 to 5-foot-11,M,casual wear,1,6,5,5,"I had a smooth shipping experience. The package arrived on time, and the clothing was well-protected. The fit is comfortable, and the quality is great. It has a fashionable and trendy look."
f0e2b32b-aa18-48fc-ae70-ac4601224f1f,Online,female,18 to 24,5-foot-8 to 5-foot-11,L,street wear,1,10,9,8,"I had a positive shipping experience. The package arrived promptly, and the clothing was well-packaged. The fit is great, and the quality is top-notch. It has a trendy and modern look."
dc4390dd-f0bc-430e-af9d-ac4601224f1f,Online,female,45 to 54,5 feet to 5-foot-3,M,sports wear,1,10,9,9,"I had a positive shipping experience. The package arrived on time, and the clothing was well-protected. The fit is comfortable, and the quality is great. It has a trendy and fashionable look."
7fccd871-803f-45a5-b15f-ac4601224f1f,Online,other,35 to 44,5-foot-8 to 5-foot-11,M,preppy,2,4,0,3,"I had a positive shipping experience. The package arrived on time, and the clothing was well-packed. The fit is comfortable, and the quality is great. It has a trendy and fashionable look."
a150fba8-7efa-4be3-b5af-ac4601224f1f,Big Apple Boutique,female,65+,5-foot-8 to 5-foot-11,M,street wear,2,6,6,7,I had a positive shipping experience. The package arrived on time and in good condition. The clothing fits well and the quality is great. It has a stylish look.
0ed3cbda-2c43-4f61-b723-ac4601224f1f,Online,female,25 to 34,5-foot-8 to 5-foot-11,M,sports wear,1,10,10,10,"I had a positive purchasing experience. The website was user-friendly, and the clothing selection was diverse. The checkout process was straightforward, and I received regular updates about my order status."
aaf137a7-effe-4182-b742-ac4601224f1f,Pacific Style Spot,other,55 to 64,5-foot-4 to 5-foot-7,M,street wear,3,5,7,7,"I had a positive purchasing experience. The website had a modern and visually appealing design, making it enjoyable to browse through the collection. The checkout process was straightforward, and I received timely order confirmation."
2684ee24-8ab9-4fea-b77d-ac4601224f1f,Big Apple Boutique,female,45 to 54,Less than 5 feet,M,oversized,1,5,5,5,"I had a great shipping experience. The package arrived on time, and the clothing was well-protected. The fit is excellent, and the quality is outstanding. It has a fashionable and trendy look."
bf3143e8-0a0a-457a-b7f2-ac4601224f1f,Pacific Style Spot,female,18 to 24,6-foot to 6-foot-3,XL,oversized,1,7,7,7,"I had a great purchasing experience. The website had a wide selection of clothing options, and the ordering process was straightforward. The payment was secure, and I received a confirmation promptly."
2b28c98e-5f1d-4e78-b9f9-ac4601224f1f,Golden State Boutique,other,18 to 24,5-foot-4 to 5-foot-7,S,sports wear,1,8,8,8,"I had a great purchasing experience. The website had a wide range of clothing choices, and it was easy to find what I was looking for. The checkout process was straightforward, and the confirmation email arrived promptly."
13d60279-627b-408b-bcc9-ac4601224f1f,Golden State Boutique,female,35 to 44,6-foot to 6-foot-3,S,casual wear,3,5,7,7,"I had a frustrating purchasing experience. The website was difficult to navigate, and the clothing categories were poorly organized. The checkout process was confusing, and there were delays in order confirmation."
1150d976-0ef2-4f65-bcd6-ac4601224f1f,Online,male,65+,Less than 5 feet,M,sports wear,1,2,3,1,"I had a frustrating purchasing experience. The website was cluttered, and it was hard to find the desired clothing items. The checkout process had multiple steps, and I encountered difficulties with payment."
1b050bb5-e6da-42b1-bcde-ac4601224f1f,Pacific Style Spot,male,25 to 34,5-foot-4 to 5-foot-7,L,casual wear,1,4,0,1,"I had a frustrating purchasing experience. The website had slow loading times, and it was challenging to find the desired clothing items. The checkout process had technical glitches, and the customer support was unresponsive."
90f8b023-c60c-4876-be03-ac4601224f1f,Big Apple Boutique,male,35 to 44,5 feet to 5-foot-3,M,sports wear,2,5,7,5,"I had a frustrating purchasing experience. The website had inconsistent inventory information, leading to disappointment when certain items were not available. The checkout process had errors, and I experienced delays in receiving order confirmation."
8b00523b-b1d0-418a-9b3c-ac4601224f2c,Atlantic Avenue Apparel,other,65+,5-foot-4 to 5-foot-7,L,oversized,1,9,8,9,"I had a frustrating purchasing experience. The website had frequent loading issues, and it was difficult to filter the clothing options. The checkout process had errors, and it took multiple attempts to complete the purchase."
8987c13a-5868-4f9d-985b-ac4601224f19,Big Apple Boutique,female,65+,6-foot-4+,M,oversized,1,4,3,1,"I had a disappointing purchasing experience. The website was outdated and difficult to navigate. Finding the right clothing items took longer than expected, and the checkout process was confusing. It needs improvement."
1b674dfc-3e7a-41ff-999d-ac4601224f19,Big Apple Boutique,female,55 to 64,5-foot-8 to 5-foot-11,M,street wear,3,4,3,0,"I had a disappointing purchasing experience. The website had limited product information, making it hard to make informed decisions. The checkout process was lengthy, and there were delays in receiving order confirmation."
14ee5681-0291-4d6c-9d9a-ac4601224f19,Big Apple Boutique,male,55 to 64,5-foot-8 to 5-foot-11,M,oversized,3,8,10,9,"I had a disappointing purchasing experience. The website had limited product availability, and many desired items were out of stock. The checkout process had technical glitches, and I experienced difficulties with payment."
09c465eb-dfdf-481c-a104-ac4601224f19,Online,male,65+,5 feet to 5-foot-3,M,sports wear,2,6,6,6,"I found the quality of T-AI-LORED's clothing to be subpar. The fabric felt cheap, and the stitching was poorly done. It's unfortunate because I was hoping for durable and well-crafted garments."
0f40f8c8-45ac-4bba-a1b3-ac4601224f19,Online,female,35 to 44,5-foot-8 to 5-foot-11,XS,preppy,2,8,9,8,I found the quality of T-AI-LORED's clothing to be disappointing. The stitching was uneven and started to unravel after a short period. It's frustrating to spend money on clothing that doesn't hold up.
031c3845-ba39-4ae1-ac99-ac4601224f19,Pacific Style Spot,other,18 to 24,5-foot-8 to 5-foot-11,M,street wear,1,6,6,7,"During my in-store experience at T-AI-LORED, I was treated like a valued customer. The staff went above and beyond to assist me, providing honest feedback and styling suggestions. It made the shopping experience enjoyable and memorable."
4e170090-cdab-4534-b643-ac4601224f19,Online,other,25 to 34,5 feet to 5-foot-3,M,sports wear,3,10,10,10,"During my in-store experience at T-AI-LORED, I felt neglected. The staff was more focused on chatting among themselves than assisting customers. It created an unwelcoming atmosphere."
0c25239c-af09-4cc8-b710-ac4601224f19,Atlantic Avenue Apparel,other,18 to 24,6-foot to 6-foot-3,XS,oversized,1,6,5,7,"During my in-store experience at T-AI-LORED, I encountered long wait times at the fitting rooms and checkout counters. The lack of staff or organization made the shopping process unnecessarily slow and frustrating."
d390b124-5946-4dfe-babf-ac4601224f19,Online,female,45 to 54,5-foot-8 to 5-foot-11,M,casual wear,3,0,4,3,"Although the shipping was delayed, the package eventually arrived safely. The clothing has a decent fit and quality. It looks simple and understated."
b727cb57-d380-4223-8553-ac4601224f1e,Atlantic Avenue Apparel,female,65+,5 feet to 5-foot-3,M,casual wear,2,8,10,8,"Although the shipping took a bit longer than expected, the package arrived in good condition. The clothing has a comfortable fit and decent quality. It looks presentable."
f5e2ead0-878a-4f85-9253-ac4601224f1e,Big Apple Boutique,male,55 to 64,5 feet to 5-foot-3,M,preppy,1,7,7,5,"Although the shipping took a bit longer than expected, the package arrived in good condition. The clothing fits well and is of good quality. It has a nice overall look that's suitable for different occasions."
b55f898f-7c6f-4124-a98e-ac4601224f1e,Online,female,25 to 34,Less than 5 feet,XS,oversized,1,9,8,9," Unfortunately, the shipping was a disappointment. My package was delayed, and the clothing arrived slightly damaged. The fit is not as expected, and the quality is average. The overall look is underwhelming."
6fa340e9-2aca-4686-ae7a-ac4601224f1e,Online,female,25 to 34,Less than 5 feet,L,oversized,1,5,5,7," I had a smooth shipping experience. The package arrived on schedule, and the clothing was neatly folded. The fit is great, and the quality is outstanding. It has a modern and fashionable look."
669e57c0-beab-4362-bdb3-ac4601224f1e,Golden State Boutique,male,18 to 24,5 feet to 5-foot-3,M,street wear,1,6,6,5," Although the shipping took a bit longer than expected, the package arrived in good condition. The clothing fits well and is of good quality. It has a nice overall look that's suitable for various occasions."